{"cameraMode":{"drawMode":0,"name":"Shaded","section":"Shading Mode"},"sceneLighting":false,"audioPlay":false,"sceneViewState":{"m_AlwaysRefresh":false,"showFog":true,"showSkybox":false,"showFlares":true,"showImageEffects":true,"showParticleSystems":true,"showVisualEffectGraphs":true,"m_FxEnabled":true},"in2DMode":false,"pivot":{"x":-12.418000221252442,"y":1.1705902814865113,"z":21.303451538085939},"rotation":{"x":0.2951376736164093,"y":0.2154047191143036,"z":-0.06847991794347763,"w":0.9283549785614014},"size":0.4330126941204071,"orthographic":false}