{"cameraMode":{"drawMode":0,"name":"Shaded","section":"Shading Mode"},"sceneLighting":false,"audioPlay":false,"sceneViewState":{"m_AlwaysRefresh":false,"showFog":true,"showSkybox":true,"showFlares":true,"showImageEffects":true,"showParticleSystems":true,"showVisualEffectGraphs":true,"m_FxEnabled":true},"in2DMode":false,"pivot":{"x":-2.438580274581909,"y":1.3425378799438477,"z":11.935111999511719},"rotation":{"x":-0.022657493129372598,"y":0.9728785753250122,"z":-0.20311039686203004,"w":-0.1087798923254013},"size":2.9660253524780275,"orthographic":false}